,City,Cloudiness,Country,Date,Humidity,Latitude,Longitude,Max Temp,Wind Speed
0,new norfolk,40.0,AU,1569264081.0,90.0,-42.78,147.06,282.15,5.7
2,rikitea,100.0,PF,1569264081.0,74.0,-23.12,-134.97,293.634,6.93
3,samarai,97.0,PG,1569264081.0,91.0,-10.62,150.67,293.934,1.77
4,andra,99.0,RU,1569264081.0,84.0,62.52,65.89,275.234,5.44
5,beringovskiy,0.0,RU,1569264082.0,60.0,63.05,179.32,270.934,2.39
6,portland,90.0,US,1569263938.0,45.0,43.66,-70.25,304.26,5.1
7,albany,90.0,US,1569263812.0,45.0,42.65,-73.75,303.71,4.6
8,bredasdorp,0.0,ZA,1569264082.0,71.0,-34.53,20.04,284.82,1.5
9,mataura,76.0,NZ,1569264082.0,92.0,-46.19,168.86,278.71,1.79
10,avarua,100.0,CK,1569264082.0,93.0,-21.21,-159.78,292.15,1.5
11,olinda,40.0,AU,1569264082.0,87.0,-37.84,145.39,282.59,3.1
12,kavieng,83.0,PG,1569264082.0,74.0,-2.57,150.8,301.034,2.75
13,punta arenas,90.0,CL,1569264083.0,66.0,-53.16,-70.91,284.15,6.7
14,saldanha,100.0,PT,1569264083.0,44.0,41.42,-6.55,293.934,2.88
15,danes,1.0,US,1569264083.0,40.0,40.76,-86.26,298.15,6.7
16,westport,1.0,US,1569264083.0,61.0,41.14,-73.36,305.37,5.1
17,cape town,0.0,ZA,1569263948.0,77.0,-33.93,18.42,289.26,7.7
18,ushuaia,75.0,AR,1569264083.0,81.0,-54.81,-68.31,281.15,1.92
19,mar del plata,13.0,AR,1569264084.0,39.0,-46.43,-67.52,290.934,11.68
20,vogan,40.0,TG,1569264084.0,88.0,6.33,1.53,299.15,5.1
21,ust-maya,93.0,RU,1569264084.0,94.0,60.42,134.54,274.334,3.02
25,marrakesh,0.0,MA,1569263851.0,27.0,31.63,-7.99,305.15,3.1
26,vaini,20.0,IN,1569264084.0,91.0,15.34,74.49,296.934,0.62
27,lensk,74.0,RU,1569264084.0,81.0,60.71,114.91,272.834,1.08
28,hualmay,74.0,PE,1569264085.0,93.0,-11.1,-77.61,289.434,6.02
29,clyde river,75.0,CA,1569264085.0,86.0,70.47,-68.59,274.15,5.1
30,ulaanbaatar,0.0,MN,1569264085.0,80.0,47.92,106.92,275.15,1.0
31,torbay,90.0,CA,1569263821.0,82.0,47.66,-52.73,291.48,14.4
32,anadyr,40.0,RU,1569264085.0,86.0,64.73,177.51,271.15,5.0
33,san patricio,0.0,PY,1569264085.0,41.0,-26.98,-56.83,299.734,3.08
34,bambous virieux,40.0,MU,1569264085.0,68.0,-20.34,57.76,295.15,8.2
35,mackenzie,90.0,CA,1569264076.0,87.0,55.34,-123.09,279.15,6.7
36,pompeia,0.0,BR,1569264086.0,47.0,-22.11,-50.17,299.15,8.2
37,kenai,1.0,US,1569264086.0,71.0,60.55,-151.26,284.26,7.2
38,saryg-sep,98.0,RU,1569264086.0,44.0,51.49,95.55,285.334,1.39
39,saint-philippe,90.0,CA,1569264086.0,78.0,45.36,-73.48,297.15,2.1
40,byron bay,98.0,AU,1569263725.0,77.0,-28.65,153.62,290.93,3.6
41,atuona,45.0,PF,1569264086.0,79.0,-9.8,-139.03,299.234,7.98
42,gat,0.0,SN,1569264087.0,52.0,14.69,-16.54,307.15,3.39
44,alta floresta,40.0,BR,1569264087.0,52.0,-9.87,-56.08,307.15,1.5
45,barrow,0.0,AR,1569264087.0,48.0,-38.31,-60.23,294.734,7.56
46,bandarbeyla,80.0,SO,1569264087.0,68.0,9.49,50.81,298.234,10.84
47,hilo,90.0,US,1569263946.0,83.0,19.71,-155.08,299.15,3.1
49,broome,40.0,GB,1569264087.0,68.0,52.47,1.45,291.15,5.7
50,yellowknife,75.0,CA,1569263800.0,75.0,62.45,-114.38,280.15,6.2
51,norman wells,75.0,CA,1569264088.0,81.0,65.28,-126.83,280.15,1.5
52,lebu,75.0,ET,1569264088.0,93.0,8.96,38.73,288.15,1.5
53,nikolskoye,75.0,RU,1569264088.0,56.0,59.7,30.79,279.15,4.0
55,puerto baquerizo moreno,90.0,EC,1569264088.0,83.0,-0.9,-89.6,295.15,7.7
56,ishigaki,80.0,JP,1569264088.0,78.0,24.34,124.16,298.634,8.65
57,upernavik,100.0,GL,1569264089.0,86.0,72.79,-56.15,276.334,0.74
58,muli,24.0,CN,1569264089.0,52.0,28.08,109.56,290.234,1.32
59,quatre cocos,40.0,MU,1569264089.0,68.0,-20.21,57.76,295.15,8.2
60,bowen,40.0,AU,1569264089.0,93.0,-20.01,148.25,287.15,1.21
61,gavrilovka vtoraya,93.0,RU,1569264089.0,64.0,52.88,42.77,278.434,5.31
63,margate,40.0,AU,1569264089.0,90.0,-43.03,147.26,282.15,5.7
64,jamestown,0.0,AU,1569264090.0,92.0,-33.21,138.6,276.934,1.43
65,sao joao da barra,75.0,BR,1569264090.0,53.0,-21.64,-41.05,296.15,6.7
66,verkh-usugli,100.0,RU,1569264090.0,75.0,52.7,115.17,276.434,0.41
67,caravelas,100.0,BR,1569264090.0,77.0,-17.73,-39.27,295.734,11.32
68,chuy,0.0,UY,1569264090.0,65.0,-33.69,-53.46,287.334,6.36
69,poum,75.0,MK,1569264090.0,87.0,41.28,20.71,289.15,0.81
70,kapaa,40.0,US,1569264090.0,88.0,22.08,-159.32,302.15,4.1
71,hermanus,0.0,ZA,1569264091.0,85.0,-34.42,19.24,288.15,0.45
72,san cristobal,13.0,HN,1569264091.0,56.0,14.68,-86.92,302.434,1.2
73,vardo,90.0,US,1569264091.0,37.0,39.62,-77.74,307.04,5.1
75,tasiilaq,90.0,GL,1569264091.0,87.0,65.61,-37.64,280.15,13.4
76,saint-joseph,0.0,FR,1569264091.0,77.0,43.56,6.97,295.37,1.0
78,pimenteiras,61.0,BR,1569264092.0,17.0,-6.24,-41.42,311.134,2.24
79,thompson,40.0,CA,1569263824.0,46.0,55.74,-97.86,296.15,4.6
80,grenfell,0.0,AU,1569264092.0,90.0,-33.9,148.16,274.534,0.22
81,gorontalo,4.0,ID,1569263927.0,94.0,0.54,123.06,295.034,1.19
82,puerto ayora,20.0,EC,1569264092.0,61.0,-0.74,-90.35,298.15,8.7
83,nuuk,75.0,GL,1569264092.0,86.0,64.17,-51.74,277.15,3.1
84,juba,98.0,EE,1569264092.0,69.0,57.82,26.93,277.04,2.1
85,hithadhoo,100.0,MV,1569264093.0,81.0,-0.6,73.08,299.134,2.03
86,mitu,0.0,IR,1569264093.0,23.0,36.2,46.09,287.534,3.72
87,springbok,0.0,ZA,1569264093.0,32.0,-29.67,17.88,289.534,5.75
89,zaltan,39.0,LY,1569264093.0,34.0,32.95,11.87,304.634,4.76
90,tiksi,100.0,RU,1569264093.0,96.0,71.64,128.87,275.434,2.57
91,castro,90.0,CL,1569263868.0,81.0,-42.48,-73.76,285.15,4.1
93,bubaque,33.0,GW,1569264094.0,73.0,11.28,-15.83,301.034,3.25
94,luderitz,0.0,NA,1569264094.0,40.0,-26.65,15.16,291.434,15.65
95,ovsyanka,6.0,RU,1569264094.0,71.0,53.58,126.91,277.634,4.37
96,busselton,100.0,AU,1569264094.0,62.0,-33.64,115.35,283.15,4.07
97,lardos,0.0,GR,1569264094.0,56.0,36.09,28.02,296.15,6.7
99,umm lajj,0.0,SA,1569264094.0,75.0,25.02,37.27,302.334,4.38
100,carnarvon,0.0,ZA,1569264095.0,27.0,-30.97,22.13,285.134,7.0
101,koslan,98.0,RU,1569264095.0,96.0,63.46,48.9,272.934,2.47
102,bathsheba,40.0,BB,1569263837.0,88.0,13.22,-59.52,299.15,7.2
103,doha,0.0,QA,1569264095.0,66.0,25.29,51.53,307.15,2.1
104,alice springs,90.0,AU,1569264095.0,50.0,-23.7,133.88,286.15,3.1
105,bethel,90.0,US,1569264095.0,93.0,60.79,-161.76,278.15,5.7
106,khatanga,95.0,RU,1569264096.0,61.0,71.98,102.47,276.434,8.76
107,vao,100.0,EE,1569264096.0,64.0,59.1,26.19,280.634,3.45
108,chifeng,0.0,CN,1569264096.0,33.0,42.27,118.96,286.934,4.51
109,ribeira grande,20.0,PT,1569264096.0,60.0,38.52,-28.7,296.15,6.2
111,hobart,40.0,AU,1569264041.0,90.0,-42.88,147.33,282.15,5.7
112,mountain home,1.0,US,1569264096.0,55.0,43.13,-115.69,292.15,7.7
113,jalingo,31.0,NG,1569264096.0,63.0,10.3,10.93,301.534,3.18
115,sandwick,97.0,GB,1569264097.0,76.0,54.57,-2.89,289.26,3.6
117,saskylakh,95.0,RU,1569264097.0,88.0,71.97,114.09,272.634,3.38
118,port elizabeth,1.0,US,1569264097.0,45.0,39.31,-74.98,307.59,3.1
119,guskhara,100.0,IN,1569264097.0,86.0,23.5,87.75,298.934,3.23
120,tuktoyaktuk,90.0,CA,1569264097.0,93.0,69.44,-133.03,276.15,3.1
121,cayenne,20.0,GF,1569264098.0,59.0,4.94,-52.33,305.15,4.1
122,lata,18.0,IN,1569264098.0,83.0,30.78,78.62,275.434,0.58
124,estacion coahuila,75.0,MX,1569264098.0,49.0,32.19,-115.0,308.71,6.2
125,adre,23.0,TD,1569264098.0,45.0,13.47,22.2,300.434,5.83
127,chokurdakh,83.0,RU,1569264099.0,84.0,70.62,147.9,269.434,2.24
128,tierralta,49.0,CO,1569264099.0,65.0,8.17,-76.06,302.734,1.38
129,buala,100.0,SB,1569264099.0,88.0,-8.15,159.59,298.334,6.13
130,mareeba,75.0,AU,1569264099.0,77.0,-16.99,145.42,294.26,3.1
131,pacific grove,20.0,US,1569264099.0,64.0,36.62,-121.92,298.71,2.6
132,lasa,0.0,CY,1569264099.0,69.0,34.92,32.53,298.15,2.6
133,sibu,75.0,MY,1569264100.0,94.0,2.29,111.83,299.15,1.4
134,mugur-aksy,51.0,RU,1569264100.0,72.0,50.38,90.44,276.934,3.37
135,severo-kurilsk,87.0,RU,1569264100.0,82.0,50.68,156.12,282.334,2.63
136,inhambane,34.0,MZ,1569264100.0,79.0,-23.87,35.38,294.634,5.37
138,mujiayingzi,0.0,CN,1569264100.0,49.0,42.12,118.78,286.234,1.97
139,tahoua,0.0,NE,1569264100.0,17.0,14.89,5.26,310.15,4.1
140,peniche,20.0,PT,1569264072.0,60.0,39.36,-9.38,295.15,3.1
141,kodiak,1.0,US,1569264101.0,54.0,39.95,-94.76,299.15,3.6
143,georgetown,40.0,GY,1569263834.0,70.0,6.8,-58.16,304.15,5.1
144,ranong,98.0,TH,1569264101.0,85.0,9.96,98.62,298.734,2.12
145,bluff,95.0,AU,1569264101.0,78.0,-23.58,149.07,290.134,1.47
147,tieli,0.0,CN,1569264101.0,82.0,46.98,128.05,278.834,1.07
148,pevek,96.0,RU,1569264102.0,79.0,69.7,170.27,274.734,5.9
149,te anau,37.0,NZ,1569264102.0,73.0,-45.41,167.72,276.834,2.87
150,dubai,0.0,AE,1569263407.0,75.0,25.27,55.3,306.15,2.6
151,dosso,98.0,NE,1569264102.0,36.0,13.05,3.19,306.134,1.6
153,itaguai,20.0,BR,1569264027.0,50.0,-22.85,-43.78,298.15,7.7
154,cockburn town,42.0,TC,1569264102.0,70.0,21.46,-71.14,302.534,2.42
155,tura,99.0,RU,1569264102.0,91.0,64.27,100.22,275.034,2.18
156,jumla,38.0,NP,1569264103.0,95.0,29.28,82.18,283.134,1.0
157,klaksvik,100.0,FO,1569264103.0,93.0,62.23,-6.59,285.15,8.7
158,novikovo,0.0,RU,1569264103.0,63.0,51.15,37.89,277.834,2.56
159,talnakh,75.0,RU,1569264103.0,93.0,69.49,88.39,277.15,6.0
160,shibata,23.0,JP,1569264103.0,94.0,37.91,139.43,293.15,5.48
161,oktyabrskiy,75.0,RU,1569264103.0,75.0,55.61,37.97,278.15,6.0
162,cherskiy,100.0,RU,1569264104.0,97.0,68.75,161.3,270.934,1.35
163,ruteng,2.0,ID,1569264104.0,95.0,-8.61,120.46,293.334,1.95
166,baykit,100.0,RU,1569264109.0,91.0,61.68,96.39,280.034,5.97
167,kahului,40.0,US,1569264109.0,66.0,20.89,-156.47,302.15,2.6
168,ostrovnoy,100.0,RU,1569264109.0,88.0,68.05,39.51,274.934,9.78
169,sur,0.0,OM,1569264109.0,70.0,22.57,59.53,300.034,0.72
170,alexandria,95.0,RO,1569263890.0,36.0,43.97,25.33,293.15,1.57
171,passo de camaragibe,75.0,BR,1569264109.0,69.0,-9.24,-35.49,300.15,6.2
173,ahuimanu,90.0,US,1569264110.0,74.0,21.44,-157.84,301.15,5.1
174,butaritari,89.0,KI,1569264110.0,67.0,3.07,172.79,301.934,2.56
175,lompoc,90.0,US,1569264042.0,87.0,34.64,-120.46,299.82,4.1
176,vanavara,30.0,RU,1569264110.0,84.0,60.35,102.28,279.534,3.34
177,port alfred,14.0,ZA,1569264110.0,83.0,-33.59,26.89,287.59,0.89
178,tongliao,0.0,CN,1569263945.0,71.0,43.61,122.27,288.734,6.6
179,ober-ramstadt,20.0,DE,1569264110.0,67.0,49.83,8.75,291.48,4.1
180,victoria point,20.0,AU,1569264111.0,82.0,-27.58,153.3,293.15,3.6
181,brest,35.0,BY,1569264111.0,63.0,52.09,23.69,282.234,4.5
182,san jose,20.0,HN,1569263856.0,55.0,14.25,-87.96,303.15,1.5
183,cizre,0.0,TR,1569264111.0,28.0,37.33,42.19,288.134,0.76
184,kota belud,75.0,MY,1569264111.0,88.0,6.35,116.43,299.26,2.1
185,taoudenni,0.0,ML,1569264111.0,7.0,22.68,-3.98,313.134,2.49
186,maniitsoq,100.0,GL,1569264111.0,81.0,65.42,-52.9,278.034,3.79
187,oistins,40.0,BB,1569263918.0,88.0,13.07,-59.53,299.15,7.2
188,mayumba,92.0,GA,1569264112.0,85.0,-3.44,10.65,298.134,5.07
189,ust-nera,89.0,RU,1569264112.0,95.0,64.57,143.24,270.034,2.59
190,del rio,1.0,US,1569263875.0,44.0,29.36,-100.9,307.15,5.1
191,paamiut,88.0,GL,1569264112.0,68.0,61.99,-49.67,277.834,1.7
192,dikson,100.0,RU,1569264112.0,95.0,73.51,80.55,274.134,13.0
193,aquiraz,20.0,BR,1569264112.0,62.0,-3.9,-38.39,302.15,8.2
194,freeport,40.0,BS,1569264113.0,70.0,26.54,-78.7,302.15,8.7
195,kiruna,88.0,SE,1569264066.0,75.0,67.86,20.23,273.15,1.0
196,katsuura,75.0,JP,1569264113.0,73.0,33.93,134.5,296.15,3.6
197,bejar,14.0,AL,1569264113.0,76.0,40.49,19.83,296.034,5.96
198,ambato,90.0,EC,1569264113.0,52.0,-1.24,-78.63,304.15,2.1
199,weatherford,1.0,US,1569264040.0,46.0,32.76,-97.8,308.71,4.1
200,dicabisagan,3.0,PH,1569264113.0,97.0,17.08,122.42,294.934,1.2
201,vossevangen,0.0,NO,1569264114.0,76.0,60.63,6.42,286.48,0.77
202,fortuna,20.0,US,1569264114.0,63.0,40.6,-124.16,294.26,6.7
203,souillac,0.0,FR,1569264114.0,82.0,45.6,-0.6,293.15,1.5
204,kruisfontein,0.0,ZA,1569264114.0,78.0,-34.0,24.73,284.034,2.49
205,tambun,20.0,ID,1569264114.0,74.0,-6.26,107.07,300.15,4.6
206,batagay,11.0,RU,1569264114.0,87.0,67.65,134.64,272.434,0.74
207,annau,20.0,TM,1569264115.0,52.0,37.89,58.52,293.15,1.0
208,qandala,0.0,SO,1569264115.0,67.0,11.47,49.87,303.934,2.59
209,nyuksenitsa,28.0,RU,1569264115.0,95.0,60.41,44.24,271.334,2.21
210,pangoa,65.0,PE,1569264115.0,80.0,-12.12,-73.0,299.834,1.94
211,rocha,1.0,UY,1569264115.0,54.0,-34.48,-54.34,290.134,3.99
212,eberndorf,75.0,AT,1569264115.0,93.0,46.59,14.64,289.26,0.5
213,srednekolymsk,75.0,RU,1569264116.0,73.0,67.46,153.71,270.834,2.04
214,airai,82.0,TL,1569264116.0,89.0,-8.93,125.41,293.734,1.87
216,chachapoyas,69.0,PE,1569264116.0,56.0,-6.23,-77.87,292.734,1.64
218,whitehorse,20.0,CA,1569264116.0,61.0,60.72,-135.06,281.48,4.1
219,oum hadjer,0.0,TD,1569264116.0,30.0,13.3,19.7,307.534,2.42
220,preston,90.0,GB,1569264116.0,93.0,53.76,-2.71,288.15,5.7
221,sao filipe,20.0,CV,1569264117.0,83.0,14.9,-24.5,300.334,10.94
222,padang,64.0,ID,1569264117.0,85.0,-0.92,100.36,299.134,5.07
224,port hedland,10.0,AU,1569264117.0,77.0,-20.31,118.58,290.15,3.1
225,neiafu,40.0,TO,1569264117.0,53.0,-18.65,-173.98,295.15,9.35
226,sioux lookout,40.0,CA,1569264117.0,59.0,50.1,-91.92,291.15,2.1
228,qaqortoq,75.0,GL,1569264117.0,66.0,60.72,-46.03,282.15,2.6
229,dong hoi,95.0,VN,1569264118.0,90.0,17.48,106.6,294.534,2.84
230,kovdor,80.0,RU,1569264118.0,98.0,67.56,30.47,272.634,3.41
233,ngunguru,100.0,NZ,1569264118.0,89.0,-35.62,174.5,287.04,6.26
234,mikhaylovka,4.0,RU,1569264118.0,74.0,52.96,103.29,284.634,2.61
236,vila franca do campo,20.0,PT,1569264119.0,83.0,37.72,-25.43,296.15,7.7
237,necochea,0.0,AR,1569264119.0,40.0,-38.55,-58.74,294.82,6.71
238,cochrane,100.0,CL,1569264119.0,95.0,-47.25,-72.57,279.334,1.79
239,manokwari,20.0,ID,1569264119.0,75.0,-0.87,134.08,296.034,1.9
240,rorvik,0.0,NO,1569264119.0,81.0,64.86,11.24,282.15,2.1
242,kuusamo,90.0,FI,1569264119.0,80.0,65.96,29.19,275.15,3.6
243,atambua,35.0,ID,1569264119.0,81.0,-9.11,124.89,298.334,4.95
244,diamantino,25.0,BR,1569264120.0,22.0,-14.4,-56.44,313.434,1.77
245,cidreira,11.0,BR,1569264120.0,54.0,-30.17,-50.22,290.734,6.41
246,kavaratti,95.0,IN,1569264120.0,79.0,10.57,72.64,301.134,3.83
247,zheleznodorozhnyy,75.0,RU,1569264120.0,80.0,55.75,38.0,278.15,6.0
248,libreville,20.0,GA,1569264091.0,83.0,0.39,9.45,300.15,3.6
249,hofn,90.0,IS,1569264120.0,87.0,64.25,-15.21,284.15,1.5
250,beyneu,21.0,KZ,1569264120.0,69.0,45.32,55.19,287.734,5.07
251,medea,40.0,DZ,1569264121.0,78.0,36.27,2.77,297.15,2.6
252,zhanaozen,0.0,KZ,1569264121.0,81.0,43.35,52.85,287.334,3.7
253,stepnyak,76.0,KZ,1569264121.0,68.0,52.83,70.79,283.834,12.11
254,gediz,14.0,TR,1569264121.0,27.0,38.99,29.39,289.26,3.13
255,saint-louis,0.0,SN,1569264121.0,70.0,16.03,-16.5,305.15,4.1
256,qaanaaq,100.0,GL,1569264121.0,66.0,77.48,-69.36,272.034,1.93
257,nome,75.0,US,1569264122.0,62.0,30.04,-94.42,306.15,3.1
258,weiser,1.0,US,1569264122.0,52.0,44.25,-116.97,294.15,4.1
259,riverton,1.0,US,1569263873.0,34.0,43.02,-108.38,292.04,2.1
260,chengde,3.0,CN,1569264122.0,40.0,40.97,117.93,287.534,1.1
262,abalak,0.0,NE,1569264122.0,11.0,15.46,6.28,310.034,3.18
264,corinto,75.0,CO,1569264123.0,51.0,3.17,-76.26,303.15,2.6
265,shakhunya,71.0,RU,1569264123.0,97.0,57.68,46.61,271.934,2.31
266,esperance,100.0,AU,1569264123.0,76.0,-33.86,121.89,283.15,6.7
267,the valley,40.0,AI,1569264123.0,70.0,18.22,-63.06,303.71,7.2
268,iqaluit,75.0,CA,1569264123.0,75.0,63.75,-68.52,278.15,5.1
270,grand gaube,40.0,MU,1569264124.0,68.0,-20.01,57.66,295.15,8.2
271,namibe,70.0,AO,1569264124.0,79.0,-15.19,12.15,293.234,0.88
272,coracora,38.0,PE,1569264124.0,39.0,-15.02,-73.78,292.034,5.18
273,port shepstone,37.0,ZA,1569264124.0,79.0,-30.74,30.45,284.934,4.37
274,carrboro,40.0,US,1569264124.0,31.0,35.91,-79.08,306.48,4.1
275,ca mau,43.0,VN,1569264124.0,93.0,9.18,105.15,297.334,1.6
276,coihaique,75.0,CL,1569264124.0,66.0,-45.58,-72.07,286.15,2.6
277,oswego,1.0,US,1569264125.0,65.0,37.17,-95.11,300.15,4.1
278,fort-shevchenko,0.0,KZ,1569264125.0,63.0,44.51,50.26,292.334,3.85
279,viransehir,0.0,TR,1569264125.0,14.0,37.24,39.76,291.434,0.52
280,gizo,20.0,IL,1569264125.0,61.0,31.8,34.94,299.26,3.1
281,paita,0.0,PE,1569264125.0,290.0,-5.09,-81.11,290.15,6.7
282,luyang,0.0,CN,1569264125.0,87.0,31.88,117.26,288.15,1.23
283,isla vista,40.0,US,1569263880.0,77.0,34.41,-119.86,300.93,2.1
284,half moon bay,1.0,US,1569264126.0,82.0,37.46,-122.43,298.15,4.6
285,maumere,2.0,ID,1569264126.0,79.0,-8.63,122.22,295.934,1.86
286,muyuka,40.0,CM,1569264126.0,88.0,4.29,9.41,300.15,1.5
288,misratah,19.0,LY,1569264106.0,64.0,32.38,15.09,301.234,5.82
289,mahon,75.0,IE,1569264126.0,93.0,51.89,-8.4,289.26,6.7
290,namatanai,100.0,PG,1569264126.0,79.0,-3.66,152.44,298.834,2.52
292,east london,0.0,ZA,1569264127.0,76.0,-33.02,27.91,286.15,4.6
293,pisco,0.0,PE,1569264127.0,30.0,-13.71,-76.2,295.15,5.7
294,hearst,55.0,CA,1569263634.0,57.0,49.69,-83.67,289.634,2.41
295,turukhansk,96.0,RU,1569264127.0,86.0,65.8,87.96,276.434,6.39
296,kiunga,100.0,PG,1569264127.0,97.0,-6.12,141.3,295.334,0.99
297,beloha,0.0,MG,1569264127.0,50.0,-25.17,45.06,296.834,3.86
298,sorland,0.0,NO,1569264128.0,66.0,67.67,12.69,282.15,5.1
299,nha trang,40.0,VN,1569264128.0,74.0,12.24,109.19,300.15,3.1
300,berezovyy,99.0,RU,1569264128.0,94.0,51.67,135.7,276.834,1.72
301,leua,79.0,AO,1569264128.0,41.0,-11.65,20.45,296.434,0.74
303,mangrol,93.0,IN,1569264128.0,92.0,25.33,76.51,297.534,2.75
304,port lincoln,0.0,AU,1569264129.0,65.0,-34.72,135.86,285.934,2.44
306,kathmandu,75.0,NP,1569263852.0,100.0,27.71,85.32,293.15,0.89
307,longyearbyen,75.0,NO,1569264129.0,83.0,78.22,15.63,275.15,2.6
308,camopi,100.0,GF,1569264129.0,36.0,3.17,-52.33,307.434,1.77
309,sitka,0.0,US,1569264129.0,56.0,37.17,-99.65,300.93,6.71
310,boa vista,75.0,BR,1569263909.0,58.0,2.82,-60.67,303.15,1.5
311,walvis bay,0.0,NA,1569264129.0,78.0,-22.95,14.51,290.37,2.24
312,akdepe,0.0,TM,1569264130.0,51.0,42.05,59.39,288.15,3.1
313,troitskoye,0.0,RU,1569264130.0,93.0,52.98,84.68,280.434,2.04
314,stokmarknes,0.0,NO,1569263841.0,56.0,68.56,14.91,280.15,2.1
315,hue,40.0,VN,1569264130.0,100.0,16.47,107.58,296.15,1.5
316,broken hill,0.0,AU,1569264130.0,48.0,-31.97,141.45,279.15,2.6
317,hasaki,20.0,JP,1569264130.0,83.0,35.73,140.83,298.15,3.6
318,aasiaat,100.0,GL,1569264131.0,91.0,68.71,-52.87,276.734,0.18
319,baghdad,0.0,IQ,1569264131.0,28.0,33.3,44.38,301.15,3.1
320,yeppoon,100.0,AU,1569264131.0,88.0,-23.13,150.74,290.15,0.57
321,shahe,27.0,CN,1569264131.0,38.0,36.85,114.5,291.734,3.3
322,taitung,99.0,TW,1569264131.0,90.0,22.76,121.15,286.634,0.47
323,mingyue,0.0,CN,1569264131.0,97.0,43.11,128.91,280.234,1.94
324,vila velha,20.0,BR,1569264131.0,62.0,-3.71,-38.6,302.15,8.2
325,touros,75.0,BR,1569264132.0,74.0,-5.2,-35.46,300.15,5.7
326,coquimbo,20.0,CL,1569264132.0,67.0,-29.95,-71.34,288.15,5.7
327,taltal,0.0,CL,1569264132.0,63.0,-25.41,-70.49,289.534,3.96
328,arraial do cabo,75.0,BR,1569264132.0,64.0,-22.97,-42.02,295.15,5.1
329,hernani,0.0,ES,1569264132.0,77.0,43.27,-1.98,294.82,2.9
330,hami,0.0,CN,1569264132.0,15.0,42.84,93.51,293.234,1.15
331,fort nelson,20.0,CA,1569264132.0,50.0,58.81,-122.69,284.15,2.6
332,geraldton,90.0,CA,1569264133.0,58.0,49.72,-86.95,288.15,1.5
334,guerrero negro,25.0,MX,1569264133.0,76.0,27.97,-114.04,296.734,0.31
335,huangmei,0.0,CN,1569264133.0,58.0,30.1,115.95,289.334,1.24
336,solnechnyy,100.0,RU,1569264133.0,92.0,50.72,136.64,279.334,4.92
338,terenos,0.0,BR,1569264133.0,38.0,-20.44,-54.87,304.15,4.1
339,kozhevnikovo,24.0,RU,1569264133.0,84.0,56.26,83.98,280.37,2.24
340,narsaq,75.0,GL,1569264134.0,66.0,60.91,-46.05,282.15,2.6
341,santa cruz cabralia,75.0,BR,1569264134.0,73.0,-16.28,-39.02,298.15,2.6
342,nisia floresta,75.0,BR,1569264134.0,74.0,-6.09,-35.21,300.15,5.7
343,alofi,40.0,NU,1569264134.0,87.0,-19.06,-169.92,288.15,2.6
344,verkhoyansk,73.0,RU,1569264134.0,83.0,67.55,133.39,272.534,0.81
345,galle,99.0,GN,1569264134.0,91.0,10.08,-12.83,298.134,1.76
346,los llanos de aridane,90.0,ES,1569264135.0,83.0,28.66,-17.92,295.15,3.6
347,atasu,0.0,KZ,1569264135.0,38.0,48.68,71.64,283.834,5.95
348,tolaga bay,99.0,NZ,1569264135.0,77.0,-38.37,178.3,284.734,3.13
349,khuzhir,0.0,RU,1569264135.0,71.0,53.19,107.35,280.234,2.49
350,acapulco,75.0,MX,1569264135.0,70.0,16.86,-99.88,304.15,1.0
352,praia da vitoria,40.0,PT,1569264135.0,73.0,38.73,-27.07,296.15,5.91
354,zonguldak,76.0,TR,1569264136.0,56.0,41.25,31.83,292.034,2.37
355,provideniya,0.0,RU,1569264136.0,68.0,64.42,-173.23,271.334,0.45
356,pacov,0.0,CZ,1569264136.0,63.0,49.47,15.0,289.15,1.0
357,maxixe,34.0,MZ,1569264136.0,79.0,-23.86,35.35,294.634,5.37
358,ancud,90.0,CL,1569264136.0,81.0,-41.87,-73.83,285.15,4.1
359,yongchang,73.0,CN,1569264137.0,47.0,38.06,102.59,285.434,0.22
360,marovoay,0.0,MG,1569264137.0,50.0,-16.11,46.64,299.15,1.5
361,pinhao,49.0,BR,1569264137.0,42.0,-25.7,-51.66,294.434,2.8
363,northam,100.0,AU,1569264137.0,29.0,-31.65,116.67,292.15,5.7
366,ornskoldsvik,0.0,SE,1569264137.0,80.0,63.29,18.72,280.15,0.5
367,skelleftea,0.0,SE,1569264138.0,93.0,64.75,20.95,275.15,1.5
368,borzya,54.0,RU,1569264138.0,55.0,50.39,116.53,280.334,1.39
369,sao benedito do rio preto,89.0,BR,1569264138.0,36.0,-3.33,-43.53,308.434,2.0
370,codrington,75.0,AU,1569264138.0,93.0,-28.95,153.24,290.15,1.61
371,camargo,68.0,MX,1569264138.0,48.0,27.69,-105.17,300.134,1.07
372,ambilobe,55.0,MG,1569264138.0,62.0,-13.19,49.05,297.534,4.16
373,solihull,75.0,GB,1569264139.0,100.0,52.41,-1.78,288.71,6.2
375,shelburne,90.0,CA,1569264030.0,64.0,44.08,-80.2,296.48,2.6
376,shenzhen,0.0,CN,1569264139.0,74.0,22.54,114.05,301.48,2.0
377,kulhudhuffushi,100.0,MV,1569264139.0,76.0,6.62,73.07,301.534,6.74
378,boda,4.0,CF,1569264139.0,74.0,4.32,17.47,297.934,0.86
379,maple creek,40.0,CA,1569264139.0,45.0,49.91,-109.46,292.734,8.14
380,vanimo,45.0,PG,1569264139.0,74.0,-2.67,141.3,300.334,1.31
381,bom jesus,64.0,BR,1569264140.0,14.0,-9.08,-44.36,311.834,3.84
382,yatou,40.0,CM,1569264140.0,88.0,3.63,9.81,300.15,1.5
383,shingu,48.0,JP,1569264140.0,92.0,33.72,135.99,289.734,1.89
384,tabou,100.0,CI,1569264140.0,90.0,4.42,-7.36,297.534,2.31
385,marienburg,75.0,DE,1569264140.0,87.0,52.12,9.98,290.37,1.0
386,lorengau,19.0,PG,1569264140.0,84.0,-2.02,147.27,299.034,2.93
387,makakilo city,75.0,US,1569264140.0,78.0,21.35,-158.09,301.15,1.5
389,imbituba,0.0,BR,1569264141.0,49.0,-28.24,-48.67,293.15,5.1
390,aksarka,100.0,RU,1569264141.0,87.0,66.56,67.8,274.134,6.12
391,sola,39.0,TZ,1569264141.0,55.0,-3.17,33.8,296.634,2.75
392,kaeo,100.0,NZ,1569264141.0,100.0,-35.1,173.78,287.04,9.36
393,port hueneme,75.0,US,1569264141.0,73.0,34.15,-119.2,301.48,4.6
394,rochegda,99.0,RU,1569264141.0,95.0,62.67,43.41,276.234,3.89
395,nabire,52.0,ID,1569264142.0,99.0,-3.36,135.5,294.134,1.19
396,husavik,5.0,CA,1569264142.0,39.0,50.56,-96.99,295.37,3.13
397,colares,20.0,PT,1569264142.0,77.0,38.8,-9.45,294.15,3.6
398,houston,90.0,US,1569264063.0,62.0,29.76,-95.37,307.59,2.86
399,velsk,73.0,RU,1569264142.0,96.0,61.07,42.1,275.834,3.51
400,itapecerica,67.0,BR,1569264142.0,49.0,-20.47,-45.13,298.234,4.44
401,pangnirtung,20.0,CA,1569264142.0,86.0,66.15,-65.72,277.15,5.7
402,mehran,0.0,IR,1569264143.0,28.0,33.12,46.17,295.15,2.1
403,bereda,40.0,ES,1569264143.0,82.0,43.27,-7.54,294.82,7.2
405,bolondron,75.0,CU,1569264143.0,74.0,22.76,-81.45,303.15,6.7
406,buraydah,0.0,SA,1569264143.0,17.0,26.33,43.97,306.15,3.1
407,miri,30.0,NG,1569264143.0,60.0,10.31,9.75,300.434,1.0
408,key largo,20.0,US,1569264143.0,66.0,25.09,-80.45,304.26,5.7
409,molokovo,23.0,RU,1569264144.0,85.0,58.16,36.77,274.034,2.58
411,mahebourg,40.0,MU,1569264144.0,68.0,-20.41,57.7,295.15,8.2
412,terrace bay,90.0,CA,1569264144.0,72.0,48.78,-87.1,288.15,1.5
414,micheweni,7.0,TZ,1569264144.0,78.0,-4.97,39.83,298.734,5.94
415,bagdarin,94.0,RU,1569264144.0,70.0,54.44,113.59,273.634,0.21
416,hare bay,90.0,CA,1569264145.0,77.0,48.86,-53.99,292.15,8.2
417,nicoya,20.0,CR,1569263899.0,70.0,10.15,-85.45,302.15,4.6
418,isangel,10.0,VU,1569264145.0,63.0,-19.55,169.27,295.334,6.81
419,robertsport,97.0,LR,1569264145.0,85.0,6.75,-11.37,298.534,3.44
421,fussen,75.0,DE,1569264145.0,93.0,47.87,12.17,287.04,5.1
422,ponta do sol,28.0,BR,1569264145.0,45.0,-20.63,-46.0,300.034,5.42
423,banff,100.0,CA,1569264146.0,69.0,51.18,-115.57,285.37,4.02
424,bahar,0.0,IR,1569264146.0,33.0,34.91,48.44,286.134,2.31
425,dingle,11.0,PH,1569264146.0,87.0,11.0,122.67,296.434,2.05
426,nong bua,100.0,TH,1569264146.0,72.0,15.87,100.58,298.634,2.64
427,sao felix do xingu,28.0,BR,1569264059.0,26.0,-6.64,-51.99,310.934,3.42
428,remedios,50.0,CO,1569264146.0,78.0,7.03,-74.7,297.634,1.32
431,ligayan,0.0,PH,1569264146.0,73.0,4.65,119.47,301.434,3.96
432,denpasar,40.0,ID,1569264147.0,94.0,-8.65,115.22,298.15,4.6
433,ixtapa,40.0,MX,1569264147.0,74.0,20.71,-105.21,304.26,3.6
434,aksu,0.0,KZ,1569264147.0,75.0,52.04,76.93,280.15,5.0
435,uyovu,12.0,TZ,1569264147.0,50.0,-3.28,31.53,296.934,2.3
436,palana,100.0,RU,1569264147.0,92.0,59.08,159.95,281.434,7.46
437,meulaboh,77.0,ID,1569264147.0,79.0,4.14,96.13,300.634,2.9
438,dimbokro,86.0,CI,1569264148.0,93.0,6.65,-4.7,298.234,2.13
439,machico,20.0,PT,1569264123.0,64.0,32.7,-16.77,297.15,3.6
441,ballina,90.0,IE,1569264148.0,100.0,54.11,-9.15,289.26,3.6
442,buin,0.0,CL,1569264148.0,40.0,-33.73,-70.74,295.37,3.6
443,faya,0.0,SA,1569264148.0,82.0,18.39,42.45,297.15,2.1
444,zatoka,0.0,PL,1569264148.0,76.0,50.04,20.52,286.15,2.1
445,hamilton,75.0,CA,1569263769.0,64.0,43.26,-79.87,298.15,5.1
446,nizwa,99.0,OM,1569264149.0,30.0,22.93,57.53,301.634,1.62
447,manoel urbano,100.0,BR,1569264149.0,34.0,-8.84,-69.26,308.834,1.88
448,coahuayana,92.0,MX,1569264149.0,72.0,18.62,-100.35,302.034,1.0
449,bobcaygeon,90.0,CA,1569264149.0,77.0,44.54,-78.55,295.93,6.7
450,kalmunai,98.0,LK,1569264149.0,95.0,7.42,81.82,297.134,3.0
451,san matias,11.0,BO,1569264149.0,19.0,-16.36,-58.4,315.034,2.14
452,colomi,20.0,BO,1569264149.0,17.0,-17.34,-65.87,301.15,1.0
454,abay,0.0,KZ,1569264150.0,37.0,49.63,72.87,283.15,5.0
455,eyl,16.0,SO,1569264150.0,81.0,7.98,49.82,295.934,10.26
456,leningradskiy,100.0,RU,1569264150.0,97.0,69.38,178.42,275.734,8.54
457,opuwo,13.0,NA,1569264150.0,21.0,-18.06,13.84,299.034,6.31
458,vestmannaeyjar,100.0,IS,1569264150.0,97.0,63.44,-20.27,283.534,3.9
459,dossor,73.0,KZ,1569264151.0,45.0,47.52,52.98,284.134,4.76
460,aykhal,0.0,RU,1569264151.0,73.0,65.95,111.51,273.15,3.0
461,shimoda,20.0,JP,1569264151.0,84.0,34.7,138.93,298.15,0.89
462,poltavka,100.0,RU,1569264151.0,76.0,54.36,71.76,284.034,12.85
463,hay river,90.0,CA,1569264151.0,87.0,60.82,-115.79,282.15,2.6
464,kokkola,0.0,FI,1569264151.0,57.0,63.84,23.13,280.37,1.0
465,abbeville,90.0,FR,1569264152.0,72.0,50.11,1.83,291.48,1.5
466,long xuyen,20.0,VN,1569264152.0,100.0,10.39,105.43,299.15,1.0
467,tilichiki,100.0,RU,1569264152.0,95.0,60.47,166.1,278.234,1.66
468,roncesvalles,40.0,CO,1569264152.0,61.0,4.01,-75.61,303.15,1.39
470,mananjary,0.0,MG,1569264152.0,50.0,-19.16,46.8,291.734,6.73
471,atar,0.0,MR,1569264152.0,12.0,20.52,-13.05,314.134,6.24
472,bud,0.0,NO,1569264152.0,81.0,62.91,6.91,285.15,0.5
473,batticaloa,98.0,LK,1569264104.0,95.0,7.71,81.69,297.134,3.0
474,plainview,40.0,US,1569264153.0,57.0,34.18,-101.71,301.15,2.1
475,mpongwe,55.0,ZM,1569264153.0,18.0,-13.51,28.16,299.334,3.98
476,soyaniquilpan,0.0,MX,1569264153.0,38.0,19.98,-99.5,292.834,2.64
477,cedar city,1.0,US,1569264021.0,14.0,37.68,-113.06,295.15,3.6
478,zhigansk,94.0,RU,1569264153.0,80.0,66.77,123.37,275.134,2.59
479,bamnet narong,75.0,TH,1569264153.0,84.0,15.5,101.69,296.334,6.59
480,tevaitoa,6.0,PF,1569264154.0,82.0,-16.78,-151.5,299.434,5.72
481,rincon,40.0,PA,1569264154.0,74.0,8.46,-82.28,302.15,2.6
483,thinadhoo,99.0,MV,1569264154.0,79.0,0.53,72.93,300.834,6.42
484,betare oya,73.0,CM,1569264154.0,94.0,5.6,14.08,294.634,1.1
485,saint anthony,1.0,US,1569264154.0,44.0,43.97,-111.68,291.15,4.6
486,hemsedal,83.0,NO,1569264154.0,79.0,60.86,8.55,279.82,1.35
487,pitimbu,40.0,BR,1569264155.0,65.0,-7.47,-34.81,301.15,8.7
488,chitral,0.0,PK,1569264155.0,25.0,35.85,71.79,281.334,2.42
489,bolivar,1.0,US,1569264155.0,39.0,37.61,-93.41,300.37,3.6
490,laredo,1.0,US,1569264155.0,41.0,27.51,-99.51,308.15,3.1
491,radcliff,40.0,US,1569264155.0,51.0,37.84,-85.95,302.59,4.1
492,san policarpo,73.0,PH,1569264155.0,91.0,12.18,125.51,297.734,1.65
493,usinsk,100.0,RU,1569264156.0,84.0,66.0,57.56,274.434,6.0
494,victoria,75.0,BN,1569264156.0,74.0,5.28,115.24,302.15,2.1
495,biak,74.0,ID,1569264156.0,98.0,-0.91,122.88,288.734,1.44
496,tanete,0.0,ID,1569264156.0,75.0,-3.94,119.78,298.834,7.25
497,esna,75.0,RO,1569264156.0,41.0,45.2,27.57,289.15,1.5
498,daliao,75.0,TW,1569264156.0,83.0,22.61,120.4,298.71,1.5
500,cabo san lucas,40.0,MX,1569264083.0,74.0,22.89,-109.91,303.71,3.1
501,harrison,20.0,US,1569264157.0,47.0,39.26,-84.82,302.04,3.6
502,syava,71.0,RU,1569264157.0,96.0,58.01,46.32,272.234,2.47
503,kysyl-syr,98.0,RU,1569264157.0,84.0,63.9,122.77,275.534,3.17
504,lavrentiya,0.0,RU,1569264157.0,76.0,65.58,-170.99,270.234,1.77
505,shizuishan,4.0,CN,1569264157.0,43.0,39.02,106.36,283.634,0.86
506,callaway,1.0,US,1569264157.0,43.0,46.98,-95.91,296.48,3.6
507,vitry-le-francois,0.0,FR,1569264158.0,67.0,48.73,4.58,289.15,1.0
508,parabel,50.0,RU,1569264158.0,67.0,58.71,81.5,278.634,6.51
509,leh,0.0,IN,1569264158.0,21.0,34.16,77.58,276.734,0.48
510,santiago del estero,0.0,AR,1569264158.0,18.0,-27.8,-64.26,301.334,5.1
511,le vauclin,75.0,MQ,1569264158.0,94.0,14.55,-60.84,303.15,1.5
512,nanortalik,15.0,GL,1569264158.0,74.0,60.14,-45.24,277.934,0.57
513,la ronge,90.0,CA,1569264159.0,76.0,55.1,-105.3,287.15,9.8
514,porto empedocle,40.0,IT,1569264159.0,83.0,37.29,13.53,298.15,5.1
515,mount gambier,75.0,AU,1569264159.0,100.0,-37.83,140.78,279.15,3.6
516,raisen,40.0,IN,1569264159.0,94.0,23.33,77.78,297.15,2.6
517,mayo,75.0,CA,1569264159.0,79.0,63.59,-135.9,276.15,2.6
518,narendranagar,7.0,IN,1569264159.0,80.0,30.16,78.29,297.334,1.19
519,constitucion,40.0,MX,1569264160.0,49.0,23.99,-104.67,297.04,2.1
520,port hardy,90.0,CA,1569264160.0,87.0,50.7,-127.42,284.15,7.7
521,wanning,75.0,AT,1569264160.0,93.0,48.64,13.53,287.15,4.1
522,turayf,0.0,SA,1569264160.0,22.0,31.68,38.65,300.15,3.6
523,namuac,40.0,PH,1569264160.0,96.0,18.61,121.17,294.934,0.89
524,abeche,16.0,TD,1569264160.0,27.0,13.83,20.83,306.734,0.77
525,maningrida,58.0,AU,1569264161.0,84.0,-12.05,134.23,295.234,3.2
526,lerici,40.0,IT,1569264161.0,88.0,44.07,9.91,293.15,2.6
527,bujak,0.0,PL,1569264161.0,80.0,51.24,21.25,284.82,0.45
528,novouzensk,50.0,RU,1569264161.0,64.0,50.46,48.14,278.334,4.4
529,killybegs,20.0,IE,1569264161.0,87.0,54.63,-8.45,288.15,9.8
530,kattivakkam,75.0,IN,1569264161.0,83.0,13.22,80.32,302.15,0.9
531,filimonovo,91.0,RU,1569264162.0,63.0,54.21,39.6,277.59,1.34
533,tirano,75.0,IT,1569264162.0,87.0,46.22,10.17,289.82,1.0
534,laguna,20.0,BZ,1569264162.0,66.0,16.17,-88.94,305.15,3.1
535,megion,0.0,RU,1569264162.0,79.0,61.04,76.11,278.15,5.0
536,tuatapere,97.0,NZ,1569264162.0,92.0,-46.13,167.69,278.71,1.79
537,itarema,27.0,BR,1569264162.0,52.0,-2.92,-39.92,303.934,8.05
538,liverpool,75.0,GB,1569263942.0,100.0,53.41,-2.98,288.15,6.2
539,kaitangata,61.0,NZ,1569264163.0,63.0,-46.28,169.85,279.82,4.92
540,lagoa,0.0,PT,1569264163.0,68.0,37.14,-8.45,297.04,3.1
541,gravdal,0.0,NO,1569264163.0,82.0,59.79,5.78,288.15,5.7
542,kupang,0.0,ID,1569264163.0,80.0,-10.16,123.6,297.834,6.27
543,vallenar,49.0,CL,1569264163.0,39.0,-28.58,-70.76,294.034,4.83
544,tallahassee,40.0,US,1569264088.0,45.0,30.44,-84.28,305.93,3.1
545,yazman,0.0,SY,1569264163.0,21.0,36.74,38.46,292.234,3.11
546,sarangani,77.0,PH,1569264164.0,73.0,5.4,125.46,300.834,3.68
547,riyadh,0.0,SA,1569263926.0,21.0,24.63,46.72,306.15,1.0
548,vestmanna,88.0,FO,1569264164.0,93.0,62.16,-7.17,285.15,8.7
549,awjilah,0.0,LY,1569264164.0,29.0,29.14,21.3,298.034,3.35
550,roebourne,53.0,AU,1569264164.0,44.0,-20.77,117.15,292.134,7.68
551,krasnaya gora,0.0,RU,1569264164.0,75.0,53.01,31.6,278.15,3.0
552,salalah,75.0,OM,1569264164.0,74.0,17.01,54.1,301.15,3.6
553,florence,90.0,US,1569263946.0,55.0,34.8,-87.68,305.15,4.6
554,shache,0.0,CN,1569264165.0,19.0,38.42,77.24,294.134,1.6
556,emba,0.0,CY,1569263930.0,69.0,34.81,32.42,298.15,2.6
557,wajir,5.0,KE,1569264165.0,51.0,1.75,40.07,303.15,9.69
558,burnie,12.0,AU,1569264165.0,61.0,-41.05,145.91,280.93,2.68
559,krasnyy yar,12.0,RU,1569264165.0,74.0,50.7,44.73,276.434,3.66
560,yerbogachen,74.0,RU,1569264165.0,78.0,61.28,108.01,275.934,4.86
561,sungaipenuh,79.0,ID,1569264166.0,93.0,-2.08,101.38,295.234,0.57
562,vila do maio,75.0,CV,1569264166.0,79.0,15.13,-23.22,303.15,7.7
563,honiara,100.0,SB,1569264166.0,76.0,-9.43,159.96,300.234,3.13
564,aguimes,20.0,ES,1569264166.0,64.0,27.91,-15.45,298.15,10.3
565,ilhabela,90.0,BR,1569264166.0,68.0,-23.78,-45.36,293.034,7.5
566,faanui,0.0,PF,1569264166.0,81.0,-16.48,-151.75,299.634,5.64
567,goundam,25.0,ML,1569264167.0,13.0,16.42,-3.66,312.634,1.76
568,walla walla,40.0,US,1569264167.0,52.0,46.06,-118.33,294.26,7.7
569,madang,100.0,CN,1569264167.0,95.0,35.32,102.79,273.734,0.97
570,gornopravdinsk,87.0,RU,1569264167.0,94.0,60.06,69.92,276.134,2.05
571,garowe,21.0,SO,1569264167.0,35.0,8.41,48.48,303.234,6.31
572,mao,75.0,DO,1569264005.0,66.0,19.55,-71.08,307.04,5.1
573,saint george,40.0,GR,1569264167.0,73.0,39.45,22.34,294.15,3.6
574,maldonado,0.0,UY,1569264168.0,32.0,-34.91,-54.96,294.15,4.1
575,ugoofaaru,84.0,MV,1569264168.0,76.0,5.67,73.0,301.534,7.36
576,araouane,0.0,ML,1569264168.0,7.0,18.9,-3.53,312.534,2.95
577,labuhan,12.0,ID,1569264168.0,82.0,-2.54,115.51,296.134,0.97
578,manzhouli,2.0,CN,1569263946.0,47.0,49.6,117.43,281.534,2.23
579,guiratinga,27.0,BR,1569264168.0,16.0,-16.35,-53.76,313.334,1.22
580,nago,40.0,IT,1569264168.0,93.0,45.88,10.89,290.15,1.0
582,teguldet,17.0,RU,1569264169.0,93.0,57.31,88.17,278.834,3.2
583,mogwase,0.0,ZA,1569264169.0,19.0,-25.28,27.22,291.334,2.49
584,tongzi,99.0,CN,1569264169.0,78.0,28.78,105.09,294.234,4.1
585,khvoynaya,67.0,RU,1569264169.0,96.0,58.9,34.53,274.834,2.77
587,muzhi,100.0,RU,1569264169.0,82.0,65.4,64.7,274.834,6.77
588,sobolevo,0.0,RU,1569264169.0,81.0,54.43,31.9,275.134,2.71
589,severo-yeniseyskiy,97.0,RU,1569264170.0,86.0,60.37,93.04,279.034,5.29
590,vendome,90.0,FR,1569264170.0,77.0,47.44,-0.57,290.37,2.1
591,jardim,53.0,BR,1569264170.0,26.0,-21.48,-56.15,309.034,2.38
592,muros,75.0,ES,1569264170.0,93.0,42.77,-9.06,293.15,7.7
593,bad urach,20.0,DE,1569264170.0,72.0,48.49,9.4,289.15,1.0
594,yulara,90.0,AU,1569264170.0,58.0,-25.24,130.99,287.15,2.1
595,carutapera,75.0,BR,1569264171.0,63.0,-1.2,-46.02,302.534,4.26
596,magistralnyy,41.0,RU,1569264171.0,74.0,56.17,107.45,278.934,2.34
597,huarmey,97.0,PE,1569264171.0,93.0,-10.07,-78.15,289.434,5.79
598,caraycayon,4.0,PH,1569264171.0,88.0,13.62,123.48,298.834,2.94
599,quebrangulo,97.0,BR,1569264171.0,77.0,-9.32,-36.47,297.634,6.38
600,naze,75.0,NG,1569264171.0,74.0,5.43,7.07,302.15,5.1
602,kudahuvadhoo,97.0,MV,1569264172.0,77.0,2.67,72.89,301.034,7.05
603,jiuquan,0.0,CN,1569264172.0,27.0,39.73,98.49,288.834,1.63
604,irati,83.0,BR,1569264172.0,55.0,-25.47,-50.65,291.034,3.05
605,gayny,47.0,RU,1569264172.0,95.0,60.3,54.33,271.134,2.07
606,aklavik,90.0,CA,1569264142.0,93.0,68.22,-135.01,277.15,1.5
607,muravlenko,100.0,RU,1569264172.0,94.0,63.79,74.5,274.834,14.5
608,port macquarie,40.0,AU,1569264172.0,93.0,-31.43,152.91,284.26,3.1
609,mackay,75.0,CA,1569264173.0,62.0,53.65,-115.58,284.15,4.6
610,mengcheng,87.0,CN,1569264173.0,49.0,33.26,116.57,291.234,2.29
611,dzialdowo,0.0,PL,1569264173.0,87.0,53.24,20.17,279.15,1.0
612,san vicente de canete,90.0,PE,1569264173.0,85.0,-13.08,-76.38,290.234,3.72
613,healesville,40.0,AU,1569264173.0,87.0,-37.65,145.52,282.59,3.1
614,yamoussoukro,75.0,CI,1569264093.0,100.0,6.81,-5.27,295.93,1.79
615,gawler,40.0,AU,1569264174.0,93.0,-34.6,138.75,281.48,1.72
616,san angelo,20.0,US,1569264111.0,41.0,31.46,-100.44,307.59,3.6
617,petropavlovsk-kamchatskiy,17.0,RU,1569264174.0,93.0,53.05,158.65,275.15,4.0
618,el alto,20.0,BO,1569264174.0,33.0,-16.5,-68.19,290.15,4.1
619,binzhou,0.0,CN,1569264174.0,65.0,37.38,117.96,293.15,3.52
620,duvan,100.0,RU,1569264174.0,98.0,55.69,57.9,274.334,3.43
621,launceston,36.0,AU,1569264174.0,86.0,-41.43,147.14,280.93,5.7
622,nassau,75.0,AT,1569264175.0,87.0,46.81,15.34,289.82,2.1
623,rafai,81.0,CF,1569264175.0,97.0,4.95,23.92,295.334,0.97
624,mahendranagar,81.0,IN,1569264175.0,84.0,28.02,81.63,298.434,1.17
626,gao,0.0,ML,1569264175.0,10.0,16.28,-0.04,312.034,2.99
627,tommot,99.0,RU,1569264175.0,95.0,58.97,126.27,272.534,2.55
628,haines junction,100.0,CA,1569264175.0,84.0,60.75,-137.51,274.934,1.26
629,humenne,79.0,UA,1569264176.0,66.0,49.19,28.7,280.234,3.17
630,oranjemund,0.0,ZA,1569264176.0,73.0,-28.55,16.43,287.534,11.22
631,puerto escondido,75.0,MX,1569264176.0,66.0,15.86,-97.07,303.15,3.1
632,amara,75.0,RO,1569264176.0,59.0,44.62,27.32,291.15,5.1
633,college,1.0,US,1569264176.0,80.0,64.86,-147.8,278.15,0.54
634,harper,75.0,US,1569264176.0,45.0,30.3,-99.24,306.15,3.1
635,tual,86.0,ID,1569264176.0,86.0,-5.67,132.75,298.734,6.48
636,grindavik,90.0,IS,1569264177.0,100.0,63.84,-22.43,283.15,3.6
637,ghanzi,0.0,BW,1569264177.0,10.0,-21.7,21.65,293.834,2.68
638,montepuez,0.0,MZ,1569264177.0,51.0,-13.13,39.0,298.134,4.95
